Antioquia,ANTIOQUIA,MEDELLIN
Antioquia,ANTIOQUIA,ABEJORRAL
Antioquia,ANTIOQUIA,ABRIAQUI
Antioquia,ANTIOQUIA,ALEJANDRIA
Antioquia,ANTIOQUIA,AMAGA
Antioquia,ANTIOQUIA,AMALFI
Antioquia,ANTIOQUIA,ANDES
Antioquia,ANTIOQUIA,ANGELOPOLIS
Antioquia,ANTIOQUIA,ANGOSTURA
Antioquia,ANTIOQUIA,ANORI
Antioquia,ANTIOQUIA,SANTAFE DE ANTIOQUIA
Antioquia,ANTIOQUIA,ANZA
Antioquia,ANTIOQUIA,APARTADO
Antioquia,ANTIOQUIA,ARBOLETES
Antioquia,ANTIOQUIA,ARGELIA
Antioquia,ANTIOQUIA,ARMENIA
Antioquia,ANTIOQUIA,BARBOSA
Antioquia,ANTIOQUIA,BELMIRA
Antioquia,ANTIOQUIA,BELLO
Antioquia,ANTIOQUIA,BETANIA
Antioquia,ANTIOQUIA,BETULIA
Antioquia,ANTIOQUIA,CIUDAD BOLIVAR
Antioquia,ANTIOQUIA,BRICEÑO
Antioquia,ANTIOQUIA,BURITICA
Antioquia,ANTIOQUIA,CACERES
Antioquia,ANTIOQUIA,CAICEDO
Antioquia,ANTIOQUIA,CALDAS
Antioquia,ANTIOQUIA,CAMPAMENTO
Antioquia,ANTIOQUIA,CAÑASGORDAS
Antioquia,ANTIOQUIA,CARACOLI
Antioquia,ANTIOQUIA,CARAMANTA
Antioquia,ANTIOQUIA,CAREPA
Antioquia,ANTIOQUIA,EL CARMEN DE VIBORAL
Antioquia,ANTIOQUIA,CAROLINA
Antioquia,ANTIOQUIA,CAUCASIA
Antioquia,ANTIOQUIA,CHIGORODO
Antioquia,ANTIOQUIA,CISNEROS
Antioquia,ANTIOQUIA,COCORNA
Antioquia,ANTIOQUIA,CONCEPCION
Antioquia,ANTIOQUIA,CONCORDIA
Antioquia,ANTIOQUIA,COPACABANA
Antioquia,ANTIOQUIA,DABEIBA
Antioquia,ANTIOQUIA,DON MATIAS
Antioquia,ANTIOQUIA,EBEJICO
Antioquia,ANTIOQUIA,EL BAGRE
Antioquia,ANTIOQUIA,ENTRERRIOS
Antioquia,ANTIOQUIA,ENVIGADO
Antioquia,ANTIOQUIA,FREDONIA
Antioquia,ANTIOQUIA,FRONTINO
Antioquia,ANTIOQUIA,GIRALDO
Antioquia,ANTIOQUIA,GIRARDOTA
Antioquia,ANTIOQUIA,GOMEZ PLATA
Antioquia,ANTIOQUIA,GRANADA
Antioquia,ANTIOQUIA,GUADALUPE
Antioquia,ANTIOQUIA,GUARNE
Antioquia,ANTIOQUIA,GUATAPE
Antioquia,ANTIOQUIA,HELICONIA
Antioquia,ANTIOQUIA,HISPANIA
Antioquia,ANTIOQUIA,ITAGUI
Antioquia,ANTIOQUIA,ITUANGO
Antioquia,ANTIOQUIA,JARDIN
Antioquia,ANTIOQUIA,JERICO
Antioquia,ANTIOQUIA,LA CEJA
Antioquia,ANTIOQUIA,LA ESTRELLA
Antioquia,ANTIOQUIA,LA PINTADA
Antioquia,ANTIOQUIA,LA UNION
Antioquia,ANTIOQUIA,LIBORINA
Antioquia,ANTIOQUIA,MACEO
Antioquia,ANTIOQUIA,MARINILLA
Antioquia,ANTIOQUIA,MONTEBELLO
Antioquia,ANTIOQUIA,MURINDO
Antioquia,ANTIOQUIA,MUTATA
Antioquia,ANTIOQUIA,NARIÑO
Antioquia,ANTIOQUIA,NECOCLI
Antioquia,ANTIOQUIA,NECHI
Antioquia,ANTIOQUIA,OLAYA
Antioquia,ANTIOQUIA,PEÐOL
Antioquia,ANTIOQUIA,PEQUE
Antioquia,ANTIOQUIA,PUEBLORRICO
Antioquia,ANTIOQUIA,PUERTO BERRIO
Antioquia,ANTIOQUIA,PUERTO NARE
Antioquia,ANTIOQUIA,PUERTO TRIUNFO
Antioquia,ANTIOQUIA,REMEDIOS
Antioquia,ANTIOQUIA,RETIRO
Antioquia,ANTIOQUIA,RIONEGRO
Antioquia,ANTIOQUIA,SABANALARGA
Antioquia,ANTIOQUIA,SABANETA
Antioquia,ANTIOQUIA,SALGAR
Antioquia,ANTIOQUIA,SAN ANDRES DE CUERQUIA
Antioquia,ANTIOQUIA,SAN CARLOS
Antioquia,ANTIOQUIA,SAN FRANCISCO
Antioquia,ANTIOQUIA,SAN JERONIMO
Antioquia,ANTIOQUIA,SAN JOSE DE LA MONTAÑA
Antioquia,ANTIOQUIA,SAN JUAN DE URABA
Antioquia,ANTIOQUIA,SAN LUIS
Antioquia,ANTIOQUIA,SAN PEDRO
Antioquia,ANTIOQUIA,SAN PEDRO DE URABA
Antioquia,ANTIOQUIA,SAN RAFAEL
Antioquia,ANTIOQUIA,SAN ROQUE
Antioquia,ANTIOQUIA,SAN VICENTE
Antioquia,ANTIOQUIA,SANTA BARBARA
Antioquia,ANTIOQUIA,SANTA ROSA DE OSOS
Antioquia,ANTIOQUIA,SANTO DOMINGO
Antioquia,ANTIOQUIA,EL SANTUARIO
Antioquia,ANTIOQUIA,SEGOVIA
Antioquia,ANTIOQUIA,SONSON
Antioquia,ANTIOQUIA,SOPETRAN
Antioquia,ANTIOQUIA,TAMESIS
Antioquia,ANTIOQUIA,TARAZA
Antioquia,ANTIOQUIA,TARSO
Antioquia,ANTIOQUIA,TITIRIBI
Antioquia,ANTIOQUIA,TOLEDO
Antioquia,ANTIOQUIA,TURBO
Antioquia,ANTIOQUIA,URAMITA
Antioquia,ANTIOQUIA,URRAO
Antioquia,ANTIOQUIA,VALDIVIA
Antioquia,ANTIOQUIA,VALPARAISO
Antioquia,ANTIOQUIA,VEGACHI
Antioquia,ANTIOQUIA,VENECIA
Antioquia,ANTIOQUIA,VIGIA DEL FUERTE
Antioquia,ANTIOQUIA,YALI
Antioquia,ANTIOQUIA,YARUMAL
Antioquia,ANTIOQUIA,YOLOMBO
Antioquia,ANTIOQUIA,YONDO
Antioquia,ANTIOQUIA,ZARAGOZA
Atlántico,ATLANTICO,BARRANQUILLA
Atlántico,ATLANTICO,BARANOA
Atlántico,ATLANTICO,CAMPO DE LA CRUZ
Atlántico,ATLANTICO,CANDELARIA
Atlántico,ATLANTICO,GALAPA
Atlántico,ATLANTICO,JUAN DE ACOSTA
Atlántico,ATLANTICO,LURUACO
Atlántico,ATLANTICO,MALAMBO
Atlántico,ATLANTICO,MANATI
Atlántico,ATLANTICO,PALMAR DE VARELA
Atlántico,ATLANTICO,PIOJO
Atlántico,ATLANTICO,POLONUEVO
Atlántico,ATLANTICO,PONEDERA
Atlántico,ATLANTICO,PUERTO COLOMBIA
Atlántico,ATLANTICO,REPELON
Atlántico,ATLANTICO,SABANAGRANDE
Atlántico,ATLANTICO,SABANALARGA
Atlántico,ATLANTICO,SANTA LUCIA
Atlántico,ATLANTICO,SANTO TOMAS
Atlántico,ATLANTICO,SOLEDAD
Atlántico,ATLANTICO,SUAN
Atlántico,ATLANTICO,TUBARA
Atlántico,ATLANTICO,USIACURI
Distrito Capital de Bogotá,BOGOTA,"BOGOTA, D.C."
Bolívar,BOLIVAR,CARTAGENA
Bolívar,BOLIVAR,ACHI
Bolívar,BOLIVAR,ALTOS DEL ROSARIO
Bolívar,BOLIVAR,ARENAL
Bolívar,BOLIVAR,ARJONA
Bolívar,BOLIVAR,ARROYOHONDO
Bolívar,BOLIVAR,BARRANCO DE LOBA
Bolívar,BOLIVAR,CALAMAR
Bolívar,BOLIVAR,CANTAGALLO
Bolívar,BOLIVAR,CICUCO
Bolívar,BOLIVAR,CORDOBA
Bolívar,BOLIVAR,CLEMENCIA
Bolívar,BOLIVAR,EL CARMEN DE BOLIVAR
Bolívar,BOLIVAR,EL GUAMO
Bolívar,BOLIVAR,EL PEÑON
Bolívar,BOLIVAR,HATILLO DE LOBA
Bolívar,BOLIVAR,MAGANGUE
Bolívar,BOLIVAR,MAHATES
Bolívar,BOLIVAR,MARGARITA
Bolívar,BOLIVAR,MARIA LA BAJA
Bolívar,BOLIVAR,MONTECRISTO
Bolívar,BOLIVAR,MOMPOS
Bolívar,BOLIVAR,NOROSI
Bolívar,BOLIVAR,MORALES
Bolívar,BOLIVAR,PINILLOS
Bolívar,BOLIVAR,REGIDOR
Bolívar,BOLIVAR,RIO VIEJO
Bolívar,BOLIVAR,SAN CRISTOBAL
Bolívar,BOLIVAR,SAN ESTANISLAO
Bolívar,BOLIVAR,SAN FERNANDO
Bolívar,BOLIVAR,SAN JACINTO
Bolívar,BOLIVAR,SAN JACINTO DEL CAUCA
Bolívar,BOLIVAR,SAN JUAN NEPOMUCENO
Bolívar,BOLIVAR,SAN MARTIN DE LOBA
Bolívar,BOLIVAR,SAN PABLO
Bolívar,BOLIVAR,SANTA CATALINA
Bolívar,BOLIVAR,SANTA ROSA
Bolívar,BOLIVAR,SANTA ROSA DEL SUR
Bolívar,BOLIVAR,SIMITI
Bolívar,BOLIVAR,SOPLAVIENTO
Bolívar,BOLIVAR,TALAIGUA NUEVO
Bolívar,BOLIVAR,TIQUISIO
Bolívar,BOLIVAR,TURBACO
Bolívar,BOLIVAR,TURBANA
Bolívar,BOLIVAR,VILLANUEVA
Bolívar,BOLIVAR,ZAMBRANO
Boyacá,BOYACA,TUNJA
Boyacá,BOYACA,ALMEIDA
Boyacá,BOYACA,AQUITANIA
Boyacá,BOYACA,ARCABUCO
Boyacá,BOYACA,BELEN
Boyacá,BOYACA,BERBEO
Boyacá,BOYACA,BETEITIVA
Boyacá,BOYACA,BOAVITA
Boyacá,BOYACA,BOYACA
Boyacá,BOYACA,BRICEÑO
Boyacá,BOYACA,BUENAVISTA
Boyacá,BOYACA,BUSBANZA
Boyacá,BOYACA,CALDAS
Boyacá,BOYACA,CAMPOHERMOSO
Boyacá,BOYACA,CERINZA
Boyacá,BOYACA,CHINAVITA
Boyacá,BOYACA,CHIQUINQUIRA
Boyacá,BOYACA,CHISCAS
Boyacá,BOYACA,CHITA
Boyacá,BOYACA,CHITARAQUE
Boyacá,BOYACA,CHIVATA
Boyacá,BOYACA,CIENEGA
Boyacá,BOYACA,COMBITA
Boyacá,BOYACA,COPER
Boyacá,BOYACA,CORRALES
Boyacá,BOYACA,COVARACHIA
Boyacá,BOYACA,CUBARA
Boyacá,BOYACA,CUCAITA
Boyacá,BOYACA,CUITIVA
Boyacá,BOYACA,CHIQUIZA
Boyacá,BOYACA,CHIVOR
Boyacá,BOYACA,DUITAMA
Boyacá,BOYACA,EL COCUY
Boyacá,BOYACA,EL ESPINO
Boyacá,BOYACA,FIRAVITOBA
Boyacá,BOYACA,FLORESTA
Boyacá,BOYACA,GACHANTIVA
Boyacá,BOYACA,GAMEZA
Boyacá,BOYACA,GARAGOA
Boyacá,BOYACA,GUACAMAYAS
Boyacá,BOYACA,GUATEQUE
Boyacá,BOYACA,GUAYATA
Boyacá,BOYACA,GsICAN
Boyacá,BOYACA,IZA
Boyacá,BOYACA,JENESANO
Boyacá,BOYACA,JERICO
Boyacá,BOYACA,LABRANZAGRANDE
Boyacá,BOYACA,LA CAPILLA
Boyacá,BOYACA,LA VICTORIA
Boyacá,BOYACA,LA UVITA
Boyacá,BOYACA,VILLA DE LEYVA
Boyacá,BOYACA,MACANAL
Boyacá,BOYACA,MARIPI
Boyacá,BOYACA,MIRAFLORES
Boyacá,BOYACA,MONGUA
Boyacá,BOYACA,MONGUI
Boyacá,BOYACA,MONIQUIRA
Boyacá,BOYACA,MOTAVITA
Boyacá,BOYACA,MUZO
Boyacá,BOYACA,NOBSA
Boyacá,BOYACA,NUEVO COLON
Boyacá,BOYACA,OICATA
Boyacá,BOYACA,OTANCHE
Boyacá,BOYACA,PACHAVITA
Boyacá,BOYACA,PAEZ
Boyacá,BOYACA,PAIPA
Boyacá,BOYACA,PAJARITO
Boyacá,BOYACA,PANQUEBA
Boyacá,BOYACA,PAUNA
Boyacá,BOYACA,PAYA
Boyacá,BOYACA,PAZ DE RIO
Boyacá,BOYACA,PESCA
Boyacá,BOYACA,PISBA
Boyacá,BOYACA,PUERTO BOYACA
Boyacá,BOYACA,QUIPAMA
Boyacá,BOYACA,RAMIRIQUI
Boyacá,BOYACA,RAQUIRA
Boyacá,BOYACA,RONDON
Boyacá,BOYACA,SABOYA
Boyacá,BOYACA,SACHICA
Boyacá,BOYACA,SAMACA
Boyacá,BOYACA,SAN EDUARDO
Boyacá,BOYACA,SAN JOSE DE PARE
Boyacá,BOYACA,SAN LUIS DE GACENO
Boyacá,BOYACA,SAN MATEO
Boyacá,BOYACA,SAN MIGUEL DE SEMA
Boyacá,BOYACA,SAN PABLO DE BORBUR
Boyacá,BOYACA,SANTANA
Boyacá,BOYACA,SANTA MARIA
Boyacá,BOYACA,SANTA ROSA DE VITERBO
Boyacá,BOYACA,SANTA SOFIA
Boyacá,BOYACA,SATIVANORTE
Boyacá,BOYACA,SATIVASUR
Boyacá,BOYACA,SIACHOQUE
Boyacá,BOYACA,SOATA
Boyacá,BOYACA,SOCOTA
Boyacá,BOYACA,SOCHA
Boyacá,BOYACA,SOGAMOSO
Boyacá,BOYACA,SOMONDOCO
Boyacá,BOYACA,SORA
Boyacá,BOYACA,SOTAQUIRA
Boyacá,BOYACA,SORACA
Boyacá,BOYACA,SUSACON
Boyacá,BOYACA,SUTAMARCHAN
Boyacá,BOYACA,SUTATENZA
Boyacá,BOYACA,TASCO
Boyacá,BOYACA,TENZA
Boyacá,BOYACA,TIBANA
Boyacá,BOYACA,TIBASOSA
Boyacá,BOYACA,TINJACA
Boyacá,BOYACA,TIPACOQUE
Boyacá,BOYACA,TOCA
Boyacá,BOYACA,TOGsI
Boyacá,BOYACA,TOPAGA
Boyacá,BOYACA,TOTA
Boyacá,BOYACA,TUNUNGUA
Boyacá,BOYACA,TURMEQUE
Boyacá,BOYACA,TUTA
Boyacá,BOYACA,TUTAZA
Boyacá,BOYACA,UMBITA
Boyacá,BOYACA,VENTAQUEMADA
Boyacá,BOYACA,VIRACACHA
Boyacá,BOYACA,ZETAQUIRA
Caldas,CALDAS,MANIZALES
Caldas,CALDAS,AGUADAS
Caldas,CALDAS,ANSERMA
Caldas,CALDAS,ARANZAZU
Caldas,CALDAS,BELALCAZAR
Caldas,CALDAS,CHINCHINA
Caldas,CALDAS,FILADELFIA
Caldas,CALDAS,LA DORADA
Caldas,CALDAS,LA MERCED
Caldas,CALDAS,MANZANARES
Caldas,CALDAS,MARMATO
Caldas,CALDAS,MARQUETALIA
Caldas,CALDAS,MARULANDA
Caldas,CALDAS,NEIRA
Caldas,CALDAS,NORCASIA
Caldas,CALDAS,PACORA
Caldas,CALDAS,PALESTINA
Caldas,CALDAS,PENSILVANIA
Caldas,CALDAS,RIOSUCIO
Caldas,CALDAS,RISARALDA
Caldas,CALDAS,SALAMINA
Caldas,CALDAS,SAMANA
Caldas,CALDAS,SAN JOSE
Caldas,CALDAS,SUPIA
Caldas,CALDAS,VICTORIA
Caldas,CALDAS,VILLAMARIA
Caldas,CALDAS,VITERBO
Caquetá,CAQUETA,FLORENCIA
Caquetá,CAQUETA,ALBANIA
Caquetá,CAQUETA,BELEN DE LOS ANDAQUIES
Caquetá,CAQUETA,CARTAGENA DEL CHAIRA
Caquetá,CAQUETA,CURILLO
Caquetá,CAQUETA,EL DONCELLO
Caquetá,CAQUETA,EL PAUJIL
Caquetá,CAQUETA,LA MONTAÑITA
Caquetá,CAQUETA,MILAN
Caquetá,CAQUETA,MORELIA
Caquetá,CAQUETA,PUERTO RICO
Caquetá,CAQUETA,SAN JOSE DEL FRAGUA
Caquetá,CAQUETA,SAN VICENTE DEL CAGUAN
Caquetá,CAQUETA,SOLANO
Caquetá,CAQUETA,SOLITA
Caquetá,CAQUETA,VALPARAISO
Cauca,CAUCA,POPAYAN
Cauca,CAUCA,ALMAGUER
Cauca,CAUCA,ARGELIA
Cauca,CAUCA,BALBOA
Cauca,CAUCA,BOLIVAR
Cauca,CAUCA,BUENOS AIRES
Cauca,CAUCA,CAJIBIO
Cauca,CAUCA,CALDONO
Cauca,CAUCA,CALOTO
Cauca,CAUCA,CORINTO
Cauca,CAUCA,EL TAMBO
Cauca,CAUCA,FLORENCIA
Cauca,CAUCA,GUACHENE
Cauca,CAUCA,GUAPI
Cauca,CAUCA,INZA
Cauca,CAUCA,JAMBALO
Cauca,CAUCA,LA SIERRA
Cauca,CAUCA,LA VEGA
Cauca,CAUCA,LOPEZ
Cauca,CAUCA,MERCADERES
Cauca,CAUCA,MIRANDA
Cauca,CAUCA,MORALES
Cauca,CAUCA,PADILLA
Cauca,CAUCA,PAEZ
Cauca,CAUCA,PATIA
Cauca,CAUCA,PIAMONTE
Cauca,CAUCA,PIENDAMO
Cauca,CAUCA,PUERTO TEJADA
Cauca,CAUCA,PURACE
Cauca,CAUCA,ROSAS
Cauca,CAUCA,SAN SEBASTIAN
Cauca,CAUCA,SANTANDER DE QUILICHAO
Cauca,CAUCA,SANTA ROSA
Cauca,CAUCA,SILVIA
Cauca,CAUCA,SOTARA
Cauca,CAUCA,SUAREZ
Cauca,CAUCA,SUCRE
Cauca,CAUCA,TIMBIO
Cauca,CAUCA,TIMBIQUI
Cauca,CAUCA,TORIBIO
Cauca,CAUCA,TOTORO
Cauca,CAUCA,VILLA RICA
Cesar,CESAR,VALLEDUPAR
Cesar,CESAR,AGUACHICA
Cesar,CESAR,AGUSTIN CODAZZI
Cesar,CESAR,ASTREA
Cesar,CESAR,BECERRIL
Cesar,CESAR,BOSCONIA
Cesar,CESAR,CHIMICHAGUA
Cesar,CESAR,CHIRIGUANA
Cesar,CESAR,CURUMANI
Cesar,CESAR,EL COPEY
Cesar,CESAR,EL PASO
Cesar,CESAR,GAMARRA
Cesar,CESAR,GONZALEZ
Cesar,CESAR,LA GLORIA
Cesar,CESAR,LA JAGUA DE IBIRICO
Cesar,CESAR,MANAURE
Cesar,CESAR,PAILITAS
Cesar,CESAR,PELAYA
Cesar,CESAR,PUEBLO BELLO
Cesar,CESAR,RIO DE ORO
Cesar,CESAR,LA PAZ
Cesar,CESAR,SAN ALBERTO
Cesar,CESAR,SAN DIEGO
Cesar,CESAR,SAN MARTIN
Cesar,CESAR,TAMALAMEQUE
Córdoba,CORDOBA,MONTERIA
Córdoba,CORDOBA,AYAPEL
Córdoba,CORDOBA,BUENAVISTA
Córdoba,CORDOBA,CANALETE
Córdoba,CORDOBA,CERETE
Córdoba,CORDOBA,CHIMA
Córdoba,CORDOBA,CHINU
Córdoba,CORDOBA,CIENAGA DE ORO
Córdoba,CORDOBA,COTORRA
Córdoba,CORDOBA,LA APARTADA
Córdoba,CORDOBA,LORICA
Córdoba,CORDOBA,LOS CORDOBAS
Córdoba,CORDOBA,MOMIL
Córdoba,CORDOBA,MONTELIBANO
Córdoba,CORDOBA,MOÑITOS
Córdoba,CORDOBA,PLANETA RICA
Córdoba,CORDOBA,PUEBLO NUEVO
Córdoba,CORDOBA,PUERTO ESCONDIDO
Córdoba,CORDOBA,PUERTO LIBERTADOR
Córdoba,CORDOBA,PURISIMA
Córdoba,CORDOBA,SAHAGUN
Córdoba,CORDOBA,SAN ANDRES SOTAVENTO
Córdoba,CORDOBA,SAN ANTERO
Córdoba,CORDOBA,SAN BERNARDO DEL VIENTO
Córdoba,CORDOBA,SAN CARLOS
Córdoba,CORDOBA,SAN PELAYO
Córdoba,CORDOBA,TIERRALTA
Córdoba,CORDOBA,VALENCIA
Cundinamarca,CUNDINAMARCA,AGUA DE DIOS
Cundinamarca,CUNDINAMARCA,ALBAN
Cundinamarca,CUNDINAMARCA,ANAPOIMA
Cundinamarca,CUNDINAMARCA,ANOLAIMA
Cundinamarca,CUNDINAMARCA,ARBELAEZ
Cundinamarca,CUNDINAMARCA,BELTRAN
Cundinamarca,CUNDINAMARCA,BITUIMA
Cundinamarca,CUNDINAMARCA,BOJACA
Cundinamarca,CUNDINAMARCA,CABRERA
Cundinamarca,CUNDINAMARCA,CACHIPAY
Cundinamarca,CUNDINAMARCA,CAJICA
Cundinamarca,CUNDINAMARCA,CAPARRAPI
Cundinamarca,CUNDINAMARCA,CAQUEZA
Cundinamarca,CUNDINAMARCA,CARMEN DE CARUPA
Cundinamarca,CUNDINAMARCA,CHAGUANI
Cundinamarca,CUNDINAMARCA,CHIA
Cundinamarca,CUNDINAMARCA,CHIPAQUE
Cundinamarca,CUNDINAMARCA,CHOACHI
Cundinamarca,CUNDINAMARCA,CHOCONTA
Cundinamarca,CUNDINAMARCA,COGUA
Cundinamarca,CUNDINAMARCA,COTA
Cundinamarca,CUNDINAMARCA,CUCUNUBA
Cundinamarca,CUNDINAMARCA,EL COLEGIO
Cundinamarca,CUNDINAMARCA,EL PEÑON
Cundinamarca,CUNDINAMARCA,EL ROSAL
Cundinamarca,CUNDINAMARCA,FACATATIVA
Cundinamarca,CUNDINAMARCA,FOMEQUE
Cundinamarca,CUNDINAMARCA,FOSCA
Cundinamarca,CUNDINAMARCA,FUNZA
Cundinamarca,CUNDINAMARCA,FUQUENE
Cundinamarca,CUNDINAMARCA,FUSAGASUGA
Cundinamarca,CUNDINAMARCA,GACHALA
Cundinamarca,CUNDINAMARCA,GACHANCIPA
Cundinamarca,CUNDINAMARCA,GACHETA
Cundinamarca,CUNDINAMARCA,GAMA
Cundinamarca,CUNDINAMARCA,GIRARDOT
Cundinamarca,CUNDINAMARCA,GRANADA
Cundinamarca,CUNDINAMARCA,GUACHETA
Cundinamarca,CUNDINAMARCA,GUADUAS
Cundinamarca,CUNDINAMARCA,GUASCA
Cundinamarca,CUNDINAMARCA,GUATAQUI
Cundinamarca,CUNDINAMARCA,GUATAVITA
Cundinamarca,CUNDINAMARCA,GUAYABAL DE SIQUIMA
Cundinamarca,CUNDINAMARCA,GUAYABETAL
Cundinamarca,CUNDINAMARCA,GUTIERREZ
Cundinamarca,CUNDINAMARCA,JERUSALEN
Cundinamarca,CUNDINAMARCA,JUNIN
Cundinamarca,CUNDINAMARCA,LA CALERA
Cundinamarca,CUNDINAMARCA,LA MESA
Cundinamarca,CUNDINAMARCA,LA PALMA
Cundinamarca,CUNDINAMARCA,LA PEÑA
Cundinamarca,CUNDINAMARCA,LA VEGA
Cundinamarca,CUNDINAMARCA,LENGUAZAQUE
Cundinamarca,CUNDINAMARCA,MACHETA
Cundinamarca,CUNDINAMARCA,MADRID
Cundinamarca,CUNDINAMARCA,MANTA
Cundinamarca,CUNDINAMARCA,MEDINA
Cundinamarca,CUNDINAMARCA,MOSQUERA
Cundinamarca,CUNDINAMARCA,NARIÑO
Cundinamarca,CUNDINAMARCA,NEMOCON
Cundinamarca,CUNDINAMARCA,NILO
Cundinamarca,CUNDINAMARCA,NIMAIMA
Cundinamarca,CUNDINAMARCA,NOCAIMA
Cundinamarca,CUNDINAMARCA,VENECIA
Cundinamarca,CUNDINAMARCA,PACHO
Cundinamarca,CUNDINAMARCA,PAIME
Cundinamarca,CUNDINAMARCA,PANDI
Cundinamarca,CUNDINAMARCA,PARATEBUENO
Cundinamarca,CUNDINAMARCA,PASCA
Cundinamarca,CUNDINAMARCA,PUERTO SALGAR
Cundinamarca,CUNDINAMARCA,PULI
Cundinamarca,CUNDINAMARCA,QUEBRADANEGRA
Cundinamarca,CUNDINAMARCA,QUETAME
Cundinamarca,CUNDINAMARCA,QUIPILE
Cundinamarca,CUNDINAMARCA,APULO
Cundinamarca,CUNDINAMARCA,RICAURTE
Cundinamarca,CUNDINAMARCA,SAN ANTONIO DEL TEQUENDAMA
Cundinamarca,CUNDINAMARCA,SAN BERNARDO
Cundinamarca,CUNDINAMARCA,SAN CAYETANO
Cundinamarca,CUNDINAMARCA,SAN FRANCISCO
Cundinamarca,CUNDINAMARCA,SAN JUAN DE RIO SECO
Cundinamarca,CUNDINAMARCA,SASAIMA
Cundinamarca,CUNDINAMARCA,SESQUILE
Cundinamarca,CUNDINAMARCA,SIBATE
Cundinamarca,CUNDINAMARCA,SILVANIA
Cundinamarca,CUNDINAMARCA,SIMIJACA
Cundinamarca,CUNDINAMARCA,SOACHA
Cundinamarca,CUNDINAMARCA,SOPO
Cundinamarca,CUNDINAMARCA,SUBACHOQUE
Cundinamarca,CUNDINAMARCA,SUESCA
Cundinamarca,CUNDINAMARCA,SUPATA
Cundinamarca,CUNDINAMARCA,SUSA
Cundinamarca,CUNDINAMARCA,SUTATAUSA
Cundinamarca,CUNDINAMARCA,TABIO
Cundinamarca,CUNDINAMARCA,TAUSA
Cundinamarca,CUNDINAMARCA,TENA
Cundinamarca,CUNDINAMARCA,TENJO
Cundinamarca,CUNDINAMARCA,TIBACUY
Cundinamarca,CUNDINAMARCA,TIBIRITA
Cundinamarca,CUNDINAMARCA,TOCAIMA
Cundinamarca,CUNDINAMARCA,TOCANCIPA
Cundinamarca,CUNDINAMARCA,TOPAIPI
Cundinamarca,CUNDINAMARCA,UBALA
Cundinamarca,CUNDINAMARCA,UBAQUE
Cundinamarca,CUNDINAMARCA,VILLA DE SAN DIEGO DE UBATE
Cundinamarca,CUNDINAMARCA,UNE
Cundinamarca,CUNDINAMARCA,UTICA
Cundinamarca,CUNDINAMARCA,VERGARA
Cundinamarca,CUNDINAMARCA,VIANI
Cundinamarca,CUNDINAMARCA,VILLAGOMEZ
Cundinamarca,CUNDINAMARCA,VILLAPINZON
Cundinamarca,CUNDINAMARCA,VILLETA
Cundinamarca,CUNDINAMARCA,VIOTA
Cundinamarca,CUNDINAMARCA,YACOPI
Cundinamarca,CUNDINAMARCA,ZIPACON
Cundinamarca,CUNDINAMARCA,ZIPAQUIRA
Chocó,CHOCO,QUIBDO
Chocó,CHOCO,ACANDI
Chocó,CHOCO,ALTO BAUDO
Chocó,CHOCO,ATRATO
Chocó,CHOCO,BAGADO
Chocó,CHOCO,BAHIA SOLANO
Chocó,CHOCO,BAJO BAUDO
Chocó,CHOCO,BOJAYA
Chocó,CHOCO,EL CANTON DEL SAN PABLO
Chocó,CHOCO,CARMEN DEL DARIEN
Chocó,CHOCO,CERTEGUI
Chocó,CHOCO,CONDOTO
Chocó,CHOCO,EL CARMEN DE ATRATO
Chocó,CHOCO,EL LITORAL DEL SAN JUAN
Chocó,CHOCO,ISTMINA
Chocó,CHOCO,JURADO
Chocó,CHOCO,LLORO
Chocó,CHOCO,MEDIO ATRATO
Chocó,CHOCO,MEDIO BAUDO
Chocó,CHOCO,MEDIO SAN JUAN
Chocó,CHOCO,NOVITA
Chocó,CHOCO,NUQUI
Chocó,CHOCO,RIO IRO
Chocó,CHOCO,RIO QUITO
Chocó,CHOCO,RIOSUCIO
Chocó,CHOCO,SAN JOSE DEL PALMAR
Chocó,CHOCO,SIPI
Chocó,CHOCO,TADO
Chocó,CHOCO,UNGUIA
Chocó,CHOCO,UNION PANAMERICANA
Huila,HUILA,NEIVA
Huila,HUILA,ACEVEDO
Huila,HUILA,AGRADO
Huila,HUILA,AIPE
Huila,HUILA,ALGECIRAS
Huila,HUILA,ALTAMIRA
Huila,HUILA,BARAYA
Huila,HUILA,CAMPOALEGRE
Huila,HUILA,COLOMBIA
Huila,HUILA,ELIAS
Huila,HUILA,GARZON
Huila,HUILA,GIGANTE
Huila,HUILA,GUADALUPE
Huila,HUILA,HOBO
Huila,HUILA,IQUIRA
Huila,HUILA,ISNOS
Huila,HUILA,LA ARGENTINA
Huila,HUILA,LA PLATA
Huila,HUILA,NATAGA
Huila,HUILA,OPORAPA
Huila,HUILA,PAICOL
Huila,HUILA,PALERMO
Huila,HUILA,PALESTINA
Huila,HUILA,PITAL
Huila,HUILA,PITALITO
Huila,HUILA,RIVERA
Huila,HUILA,SALADOBLANCO
Huila,HUILA,SAN AGUSTIN
Huila,HUILA,SANTA MARIA
Huila,HUILA,SUAZA
Huila,HUILA,TARQUI
Huila,HUILA,TESALIA
Huila,HUILA,TELLO
Huila,HUILA,TERUEL
Huila,HUILA,TIMANA
Huila,HUILA,VILLAVIEJA
Huila,HUILA,YAGUARA
La guajira,LA GUAJIRA,RIOHACHA
La guajira,LA GUAJIRA,ALBANIA
La guajira,LA GUAJIRA,BARRANCAS
La guajira,LA GUAJIRA,DIBULLA
La guajira,LA GUAJIRA,DISTRACCION
La guajira,LA GUAJIRA,EL MOLINO
La guajira,LA GUAJIRA,FONSECA
La guajira,LA GUAJIRA,HATONUEVO
La guajira,LA GUAJIRA,LA JAGUA DEL PILAR
La guajira,LA GUAJIRA,MAICAO
La guajira,LA GUAJIRA,MANAURE
La guajira,LA GUAJIRA,SAN JUAN DEL CESAR
La guajira,LA GUAJIRA,URIBIA
La guajira,LA GUAJIRA,URUMITA
La guajira,LA GUAJIRA,VILLANUEVA
Magdalena,MAGDALENA,SANTA MARTA
Magdalena,MAGDALENA,ALGARROBO
Magdalena,MAGDALENA,ARACATACA
Magdalena,MAGDALENA,ARIGUANI
Magdalena,MAGDALENA,CERRO SAN ANTONIO
Magdalena,MAGDALENA,CHIBOLO
Magdalena,MAGDALENA,CIENAGA
Magdalena,MAGDALENA,CONCORDIA
Magdalena,MAGDALENA,EL BANCO
Magdalena,MAGDALENA,EL PIÑON
Magdalena,MAGDALENA,EL RETEN
Magdalena,MAGDALENA,FUNDACION
Magdalena,MAGDALENA,GUAMAL
Magdalena,MAGDALENA,NUEVA GRANADA
Magdalena,MAGDALENA,PEDRAZA
Magdalena,MAGDALENA,PIJIÑO DEL CARMEN
Magdalena,MAGDALENA,PIVIJAY
Magdalena,MAGDALENA,PLATO
Magdalena,MAGDALENA,PUEBLOVIEJO
Magdalena,MAGDALENA,REMOLINO
Magdalena,MAGDALENA,SABANAS DE SAN ANGEL
Magdalena,MAGDALENA,SALAMINA
Magdalena,MAGDALENA,SAN SEBASTIAN DE BUENAVISTA
Magdalena,MAGDALENA,SAN ZENON
Magdalena,MAGDALENA,SANTA ANA
Magdalena,MAGDALENA,SANTA BARBARA DE PINTO
Magdalena,MAGDALENA,SITIONUEVO
Magdalena,MAGDALENA,TENERIFE
Magdalena,MAGDALENA,ZAPAYAN
Magdalena,MAGDALENA,ZONA BANANERA
Meta,META,VILLAVICENCIO
Meta,META,ACACIAS
Meta,META,BARRANCA DE UPIA
Meta,META,CABUYARO
Meta,META,CASTILLA LA NUEVA
Meta,META,CUBARRAL
Meta,META,CUMARAL
Meta,META,EL CALVARIO
Meta,META,EL CASTILLO
Meta,META,EL DORADO
Meta,META,FUENTE DE ORO
Meta,META,GRANADA
Meta,META,GUAMAL
Meta,META,MAPIRIPAN
Meta,META,MESETAS
Meta,META,LA MACARENA
Meta,META,URIBE
Meta,META,LEJANIAS
Meta,META,PUERTO CONCORDIA
Meta,META,PUERTO GAITAN
Meta,META,PUERTO LOPEZ
Meta,META,PUERTO LLERAS
Meta,META,PUERTO RICO
Meta,META,RESTREPO
Meta,META,SAN CARLOS DE GUAROA
Meta,META,SAN JUAN DE ARAMA
Meta,META,SAN JUANITO
Meta,META,SAN MARTIN
Meta,META,VISTAHERMOSA
Nariño,NARIÑO,PASTO
Nariño,NARIÑO,ALBAN
Nariño,NARIÑO,ALDANA
Nariño,NARIÑO,ANCUYA
Nariño,NARIÑO,ARBOLEDA
Nariño,NARIÑO,BARBACOAS
Nariño,NARIÑO,BELEN
Nariño,NARIÑO,BUESACO
Nariño,NARIÑO,COLON
Nariño,NARIÑO,CONSACA
Nariño,NARIÑO,CONTADERO
Nariño,NARIÑO,CORDOBA
Nariño,NARIÑO,CUASPUD
Nariño,NARIÑO,CUMBAL
Nariño,NARIÑO,CUMBITARA
Nariño,NARIÑO,CHACHAGsI
Nariño,NARIÑO,EL CHARCO
Nariño,NARIÑO,EL PEÑOL
Nariño,NARIÑO,EL ROSARIO
Nariño,NARIÑO,EL TABLON DE GOMEZ
Nariño,NARIÑO,EL TAMBO
Nariño,NARIÑO,FUNES
Nariño,NARIÑO,GUACHUCAL
Nariño,NARIÑO,GUAITARILLA
Nariño,NARIÑO,GUALMATAN
Nariño,NARIÑO,ILES
Nariño,NARIÑO,IMUES
Nariño,NARIÑO,IPIALES
Nariño,NARIÑO,LA CRUZ
Nariño,NARIÑO,LA FLORIDA
Nariño,NARIÑO,LA LLANADA
Nariño,NARIÑO,LA TOLA
Nariño,NARIÑO,LA UNION
Nariño,NARIÑO,LEIVA
Nariño,NARIÑO,LINARES
Nariño,NARIÑO,LOS ANDES
Nariño,NARIÑO,MAGsI
Nariño,NARIÑO,MALLAMA
Nariño,NARIÑO,MOSQUERA
Nariño,NARIÑO,NARIÑO
Nariño,NARIÑO,OLAYA HERRERA
Nariño,NARIÑO,OSPINA
Nariño,NARIÑO,FRANCISCO PIZARRO
Nariño,NARIÑO,POLICARPA
Nariño,NARIÑO,POTOSI
Nariño,NARIÑO,PROVIDENCIA
Nariño,NARIÑO,PUERRES
Nariño,NARIÑO,PUPIALES
Nariño,NARIÑO,RICAURTE
Nariño,NARIÑO,ROBERTO PAYAN
Nariño,NARIÑO,SAMANIEGO
Nariño,NARIÑO,SANDONA
Nariño,NARIÑO,SAN BERNARDO
Nariño,NARIÑO,SAN LORENZO
Nariño,NARIÑO,SAN PABLO
Nariño,NARIÑO,SAN PEDRO DE CARTAGO
Nariño,NARIÑO,SANTA BARBARA
Nariño,NARIÑO,SANTACRUZ
Nariño,NARIÑO,SAPUYES
Nariño,NARIÑO,TAMINANGO
Nariño,NARIÑO,TANGUA
Nariño,NARIÑO,SAN ANDRES DE TUMACO
Nariño,NARIÑO,TUQUERRES
Nariño,NARIÑO,YACUANQUER
Norte de santander,N. DE SANTANDER,CUCUTA
Norte de santander,N. DE SANTANDER,ABREGO
Norte de santander,N. DE SANTANDER,ARBOLEDAS
Norte de santander,N. DE SANTANDER,BOCHALEMA
Norte de santander,N. DE SANTANDER,BUCARASICA
Norte de santander,N. DE SANTANDER,CACOTA
Norte de santander,N. DE SANTANDER,CACHIRA
Norte de santander,N. DE SANTANDER,CHINACOTA
Norte de santander,N. DE SANTANDER,CHITAGA
Norte de santander,N. DE SANTANDER,CONVENCION
Norte de santander,N. DE SANTANDER,CUCUTILLA
Norte de santander,N. DE SANTANDER,DURANIA
Norte de santander,N. DE SANTANDER,EL CARMEN
Norte de santander,N. DE SANTANDER,EL TARRA
Norte de santander,N. DE SANTANDER,EL ZULIA
Norte de santander,N. DE SANTANDER,GRAMALOTE
Norte de santander,N. DE SANTANDER,HACARI
Norte de santander,N. DE SANTANDER,HERRAN
Norte de santander,N. DE SANTANDER,LABATECA
Norte de santander,N. DE SANTANDER,LA ESPERANZA
Norte de santander,N. DE SANTANDER,LA PLAYA
Norte de santander,N. DE SANTANDER,LOS PATIOS
Norte de santander,N. DE SANTANDER,LOURDES
Norte de santander,N. DE SANTANDER,MUTISCUA
Norte de santander,N. DE SANTANDER,OCAÑA
Norte de santander,N. DE SANTANDER,PAMPLONA
Norte de santander,N. DE SANTANDER,PAMPLONITA
Norte de santander,N. DE SANTANDER,PUERTO SANTANDER
Norte de santander,N. DE SANTANDER,RAGONVALIA
Norte de santander,N. DE SANTANDER,SALAZAR
Norte de santander,N. DE SANTANDER,SAN CALIXTO
Norte de santander,N. DE SANTANDER,SAN CAYETANO
Norte de santander,N. DE SANTANDER,SANTIAGO
Norte de santander,N. DE SANTANDER,SARDINATA
Norte de santander,N. DE SANTANDER,SILOS
Norte de santander,N. DE SANTANDER,TEORAMA
Norte de santander,N. DE SANTANDER,TIBU
Norte de santander,N. DE SANTANDER,TOLEDO
Norte de santander,N. DE SANTANDER,VILLA CARO
Norte de santander,N. DE SANTANDER,VILLA DEL ROSARIO
Quindío,QUINDIO,ARMENIA
Quindío,QUINDIO,BUENAVISTA
Quindío,QUINDIO,CALARCA
Quindío,QUINDIO,CIRCASIA
Quindío,QUINDIO,CORDOBA
Quindío,QUINDIO,FILANDIA
Quindío,QUINDIO,GENOVA
Quindío,QUINDIO,LA TEBAIDA
Quindío,QUINDIO,MONTENEGRO
Quindío,QUINDIO,PIJAO
Quindío,QUINDIO,QUIMBAYA
Quindío,QUINDIO,SALENTO
Risaralda,RISARALDA,PEREIRA
Risaralda,RISARALDA,APIA
Risaralda,RISARALDA,BALBOA
Risaralda,RISARALDA,BELEN DE UMBRIA
Risaralda,RISARALDA,DOSQUEBRADAS
Risaralda,RISARALDA,GUATICA
Risaralda,RISARALDA,LA CELIA
Risaralda,RISARALDA,LA VIRGINIA
Risaralda,RISARALDA,MARSELLA
Risaralda,RISARALDA,MISTRATO
Risaralda,RISARALDA,PUEBLO RICO
Risaralda,RISARALDA,QUINCHIA
Risaralda,RISARALDA,SANTA ROSA DE CABAL
Risaralda,RISARALDA,SANTUARIO
Santander,SANTANDER,BUCARAMANGA
Santander,SANTANDER,AGUADA
Santander,SANTANDER,ALBANIA
Santander,SANTANDER,ARATOCA
Santander,SANTANDER,BARBOSA
Santander,SANTANDER,BARICHARA
Santander,SANTANDER,BARRANCABERMEJA
Santander,SANTANDER,BETULIA
Santander,SANTANDER,BOLIVAR
Santander,SANTANDER,CABRERA
Santander,SANTANDER,CALIFORNIA
Santander,SANTANDER,CAPITANEJO
Santander,SANTANDER,CARCASI
Santander,SANTANDER,CEPITA
Santander,SANTANDER,CERRITO
Santander,SANTANDER,CHARALA
Santander,SANTANDER,CHARTA
Santander,SANTANDER,CHIMA
Santander,SANTANDER,CHIPATA
Santander,SANTANDER,CIMITARRA
Santander,SANTANDER,CONCEPCION
Santander,SANTANDER,CONFINES
Santander,SANTANDER,CONTRATACION
Santander,SANTANDER,COROMORO
Santander,SANTANDER,CURITI
Santander,SANTANDER,EL CARMEN DE CHUCURI
Santander,SANTANDER,EL GUACAMAYO
Santander,SANTANDER,EL PEÑON
Santander,SANTANDER,EL PLAYON
Santander,SANTANDER,ENCINO
Santander,SANTANDER,ENCISO
Santander,SANTANDER,FLORIAN
Santander,SANTANDER,FLORIDABLANCA
Santander,SANTANDER,GALAN
Santander,SANTANDER,GAMBITA
Santander,SANTANDER,GIRON
Santander,SANTANDER,GUACA
Santander,SANTANDER,GUADALUPE
Santander,SANTANDER,GUAPOTA
Santander,SANTANDER,GUAVATA
Santander,SANTANDER,GsEPSA
Santander,SANTANDER,HATO
Santander,SANTANDER,JESUS MARIA
Santander,SANTANDER,JORDAN
Santander,SANTANDER,LA BELLEZA
Santander,SANTANDER,LANDAZURI
Santander,SANTANDER,LA PAZ
Santander,SANTANDER,LEBRIJA
Santander,SANTANDER,LOS SANTOS
Santander,SANTANDER,MACARAVITA
Santander,SANTANDER,MALAGA
Santander,SANTANDER,MATANZA
Santander,SANTANDER,MOGOTES
Santander,SANTANDER,MOLAGAVITA
Santander,SANTANDER,OCAMONTE
Santander,SANTANDER,OIBA
Santander,SANTANDER,ONZAGA
Santander,SANTANDER,PALMAR
Santander,SANTANDER,PALMAS DEL SOCORRO
Santander,SANTANDER,PARAMO
Santander,SANTANDER,PIEDECUESTA
Santander,SANTANDER,PINCHOTE
Santander,SANTANDER,PUENTE NACIONAL
Santander,SANTANDER,PUERTO PARRA
Santander,SANTANDER,PUERTO WILCHES
Santander,SANTANDER,RIONEGRO
Santander,SANTANDER,SABANA DE TORRES
Santander,SANTANDER,SAN ANDRES
Santander,SANTANDER,SAN BENITO
Santander,SANTANDER,SAN GIL
Santander,SANTANDER,SAN JOAQUIN
Santander,SANTANDER,SAN JOSE DE MIRANDA
Santander,SANTANDER,SAN MIGUEL
Santander,SANTANDER,SAN VICENTE DE CHUCURI
Santander,SANTANDER,SANTA BARBARA
Santander,SANTANDER,SANTA HELENA DEL OPON
Santander,SANTANDER,SIMACOTA
Santander,SANTANDER,SOCORRO
Santander,SANTANDER,SUAITA
Santander,SANTANDER,SUCRE
Santander,SANTANDER,SURATA
Santander,SANTANDER,TONA
Santander,SANTANDER,VALLE DE SAN JOSE
Santander,SANTANDER,VELEZ
Santander,SANTANDER,VETAS
Santander,SANTANDER,VILLANUEVA
Santander,SANTANDER,ZAPATOCA
Sucre,SUCRE,SINCELEJO
Sucre,SUCRE,BUENAVISTA
Sucre,SUCRE,CAIMITO
Sucre,SUCRE,COLOSO
Sucre,SUCRE,COROZAL
Sucre,SUCRE,COVEÑAS
Sucre,SUCRE,CHALAN
Sucre,SUCRE,EL ROBLE
Sucre,SUCRE,GALERAS
Sucre,SUCRE,GUARANDA
Sucre,SUCRE,LA UNION
Sucre,SUCRE,LOS PALMITOS
Sucre,SUCRE,MAJAGUAL
Sucre,SUCRE,MORROA
Sucre,SUCRE,OVEJAS
Sucre,SUCRE,PALMITO
Sucre,SUCRE,SAMPUES
Sucre,SUCRE,SAN BENITO ABAD
Sucre,SUCRE,SAN JUAN DE BETULIA
Sucre,SUCRE,SAN MARCOS
Sucre,SUCRE,SAN ONOFRE
Sucre,SUCRE,SAN PEDRO
Sucre,SUCRE,SAN LUIS DE SINCE
Sucre,SUCRE,SUCRE
Sucre,SUCRE,SANTIAGO DE TOLU
Sucre,SUCRE,TOLU VIEJO
Tolima,TOLIMA,IBAGUE
Tolima,TOLIMA,ALPUJARRA
Tolima,TOLIMA,ALVARADO
Tolima,TOLIMA,AMBALEMA
Tolima,TOLIMA,ANZOATEGUI
Tolima,TOLIMA,ARMERO
Tolima,TOLIMA,ATACO
Tolima,TOLIMA,CAJAMARCA
Tolima,TOLIMA,CARMEN DE APICALA
Tolima,TOLIMA,CASABIANCA
Tolima,TOLIMA,CHAPARRAL
Tolima,TOLIMA,COELLO
Tolima,TOLIMA,COYAIMA
Tolima,TOLIMA,CUNDAY
Tolima,TOLIMA,DOLORES
Tolima,TOLIMA,ESPINAL
Tolima,TOLIMA,FALAN
Tolima,TOLIMA,FLANDES
Tolima,TOLIMA,FRESNO
Tolima,TOLIMA,GUAMO
Tolima,TOLIMA,HERVEO
Tolima,TOLIMA,HONDA
Tolima,TOLIMA,ICONONZO
Tolima,TOLIMA,LERIDA
Tolima,TOLIMA,LIBANO
Tolima,TOLIMA,MARIQUITA
Tolima,TOLIMA,MELGAR
Tolima,TOLIMA,MURILLO
Tolima,TOLIMA,NATAGAIMA
Tolima,TOLIMA,ORTEGA
Tolima,TOLIMA,PALOCABILDO
Tolima,TOLIMA,PIEDRAS
Tolima,TOLIMA,PLANADAS
Tolima,TOLIMA,PRADO
Tolima,TOLIMA,PURIFICACION
Tolima,TOLIMA,RIOBLANCO
Tolima,TOLIMA,RONCESVALLES
Tolima,TOLIMA,ROVIRA
Tolima,TOLIMA,SALDAÑA
Tolima,TOLIMA,SAN ANTONIO
Tolima,TOLIMA,SAN LUIS
Tolima,TOLIMA,SANTA ISABEL
Tolima,TOLIMA,SUAREZ
Tolima,TOLIMA,VALLE DE SAN JUAN
Tolima,TOLIMA,VENADILLO
Tolima,TOLIMA,VILLAHERMOSA
Tolima,TOLIMA,VILLARRICA
Valle del cauca,VALLE DEL CAUCA,CALI
Valle del cauca,VALLE DEL CAUCA,ALCALA
Valle del cauca,VALLE DEL CAUCA,ANDALUCIA
Valle del cauca,VALLE DEL CAUCA,ANSERMANUEVO
Valle del cauca,VALLE DEL CAUCA,ARGELIA
Valle del cauca,VALLE DEL CAUCA,BOLIVAR
Valle del cauca,VALLE DEL CAUCA,BUENAVENTURA
Valle del cauca,VALLE DEL CAUCA,GUADALAJARA DE BUGA
Valle del cauca,VALLE DEL CAUCA,BUGALAGRANDE
Valle del cauca,VALLE DEL CAUCA,CAICEDONIA
Valle del cauca,VALLE DEL CAUCA,CALIMA
Valle del cauca,VALLE DEL CAUCA,CANDELARIA
Valle del cauca,VALLE DEL CAUCA,CARTAGO
Valle del cauca,VALLE DEL CAUCA,DAGUA
Valle del cauca,VALLE DEL CAUCA,EL AGUILA
Valle del cauca,VALLE DEL CAUCA,EL CAIRO
Valle del cauca,VALLE DEL CAUCA,EL CERRITO
Valle del cauca,VALLE DEL CAUCA,EL DOVIO
Valle del cauca,VALLE DEL CAUCA,FLORIDA
Valle del cauca,VALLE DEL CAUCA,GINEBRA
Valle del cauca,VALLE DEL CAUCA,GUACARI
Valle del cauca,VALLE DEL CAUCA,JAMUNDI
Valle del cauca,VALLE DEL CAUCA,LA CUMBRE
Valle del cauca,VALLE DEL CAUCA,LA UNION
Valle del cauca,VALLE DEL CAUCA,LA VICTORIA
Valle del cauca,VALLE DEL CAUCA,OBANDO
Valle del cauca,VALLE DEL CAUCA,PALMIRA
Valle del cauca,VALLE DEL CAUCA,PRADERA
Valle del cauca,VALLE DEL CAUCA,RESTREPO
Valle del cauca,VALLE DEL CAUCA,RIOFRIO
Valle del cauca,VALLE DEL CAUCA,ROLDANILLO
Valle del cauca,VALLE DEL CAUCA,SAN PEDRO
Valle del cauca,VALLE DEL CAUCA,SEVILLA
Valle del cauca,VALLE DEL CAUCA,TORO
Valle del cauca,VALLE DEL CAUCA,TRUJILLO
Valle del cauca,VALLE DEL CAUCA,TULUA
Valle del cauca,VALLE DEL CAUCA,ULLOA
Valle del cauca,VALLE DEL CAUCA,VERSALLES
Valle del cauca,VALLE DEL CAUCA,VIJES
Valle del cauca,VALLE DEL CAUCA,YOTOCO
Valle del cauca,VALLE DEL CAUCA,YUMBO
Valle del cauca,VALLE DEL CAUCA,ZARZAL
Arauca,ARAUCA,ARAUCA
Arauca,ARAUCA,ARAUQUITA
Arauca,ARAUCA,CRAVO NORTE
Arauca,ARAUCA,FORTUL
Arauca,ARAUCA,PUERTO RONDON
Arauca,ARAUCA,SARAVENA
Arauca,ARAUCA,TAME
Casanare,CASANARE,YOPAL
Casanare,CASANARE,AGUAZUL
Casanare,CASANARE,CHAMEZA
Casanare,CASANARE,HATO COROZAL
Casanare,CASANARE,LA SALINA
Casanare,CASANARE,MANI
Casanare,CASANARE,MONTERREY
Casanare,CASANARE,NUNCHIA
Casanare,CASANARE,OROCUE
Casanare,CASANARE,PAZ DE ARIPORO
Casanare,CASANARE,PORE
Casanare,CASANARE,RECETOR
Casanare,CASANARE,SABANALARGA
Casanare,CASANARE,SACAMA
Casanare,CASANARE,SAN LUIS DE PALENQUE
Casanare,CASANARE,TAMARA
Casanare,CASANARE,TAURAMENA
Casanare,CASANARE,TRINIDAD
Casanare,CASANARE,VILLANUEVA
Putumayo,PUTUMAYO,MOCOA
Putumayo,PUTUMAYO,COLON
Putumayo,PUTUMAYO,ORITO
Putumayo,PUTUMAYO,PUERTO ASIS
Putumayo,PUTUMAYO,PUERTO CAICEDO
Putumayo,PUTUMAYO,PUERTO GUZMAN
Putumayo,PUTUMAYO,LEGUIZAMO
Putumayo,PUTUMAYO,SIBUNDOY
Putumayo,PUTUMAYO,SAN FRANCISCO
Putumayo,PUTUMAYO,SAN MIGUEL
Putumayo,PUTUMAYO,SANTIAGO
Putumayo,PUTUMAYO,VALLE DEL GUAMUEZ
Putumayo,PUTUMAYO,VILLAGARZON
San Andrés y Providencia,SAN ANDRES,SAN ANDRES
San Andrés y Providencia,SAN ANDRES,PROVIDENCIA
Amazonas,AMAZONAS,LETICIA
Amazonas,AMAZONAS,EL ENCANTO
Amazonas,AMAZONAS,LA CHORRERA
Amazonas,AMAZONAS,LA PEDRERA
Amazonas,AMAZONAS,LA VICTORIA
Amazonas,AMAZONAS,MIRITI - PARANA
Amazonas,AMAZONAS,PUERTO ALEGRIA
Amazonas,AMAZONAS,PUERTO ARICA
Amazonas,AMAZONAS,PUERTO NARIÑO
Amazonas,AMAZONAS,PUERTO SANTANDER
Amazonas,AMAZONAS,TARAPACA
Guainía,GUAINIA,INIRIDA
Guainía,GUAINIA,BARRANCO MINAS
Guainía,GUAINIA,MAPIRIPANA
Guainía,GUAINIA,SAN FELIPE
Guainía,GUAINIA,PUERTO COLOMBIA
Guainía,GUAINIA,LA GUADALUPE
Guainía,GUAINIA,CACAHUAL
Guainía,GUAINIA,PANA PANA
Guainía,GUAINIA,MORICHAL
Guaviare,GUAVIARE,SAN JOSE DEL GUAVIARE
Guaviare,GUAVIARE,CALAMAR
Guaviare,GUAVIARE,EL RETORNO
Guaviare,GUAVIARE,MIRAFLORES
Vaupés,VAUPES,MITU
Vaupés,VAUPES,CARURU
Vaupés,VAUPES,PACOA
Vaupés,VAUPES,TARAIRA
Vaupés,VAUPES,PAPUNAUA
Vaupés,VAUPES,YAVARATE
Vichada,VICHADA,PUERTO CARREÑO
Vichada,VICHADA,LA PRIMAVERA
Vichada,VICHADA,SANTA ROSALIA
Vichada,VICHADA,CUMARIBO
